class,name
Buffalo,Buffalo_251
Buffalo,Buffalo_252
Buffalo,Buffalo_253
Buffalo,Buffalo_254
Buffalo,Buffalo_255
Buffalo,Buffalo_256
Buffalo,Buffalo_257
Buffalo,Buffalo_258
Buffalo,Buffalo_259
Buffalo,Buffalo_260
Buffalo,Buffalo_261
Buffalo,Buffalo_262
Buffalo,Buffalo_263
Buffalo,Buffalo_264
Buffalo,Buffalo_265
Buffalo,Buffalo_266
Buffalo,Buffalo_267
Buffalo,Buffalo_268
Buffalo,Buffalo_269
Buffalo,Buffalo_270
Buffalo,Buffalo_271
Buffalo,Buffalo_272
Buffalo,Buffalo_273
Buffalo,Buffalo_274
Buffalo,Buffalo_275
Buffalo,Buffalo_276
Buffalo,Buffalo_277
Buffalo,Buffalo_278
Buffalo,Buffalo_279
Buffalo,Buffalo_280
Buffalo,Buffalo_281
Buffalo,Buffalo_282
Buffalo,Buffalo_283
Buffalo,Buffalo_284
Buffalo,Buffalo_285
Buffalo,Buffalo_286
Buffalo,Buffalo_287
Buffalo,Buffalo_288
Buffalo,Buffalo_289
Buffalo,Buffalo_290
Buffalo,Buffalo_291
Buffalo,Buffalo_292
Buffalo,Buffalo_293
Buffalo,Buffalo_294
Buffalo,Buffalo_295
Buffalo,Buffalo_296
Buffalo,Buffalo_297
Buffalo,Buffalo_298
Buffalo,Buffalo_299
Buffalo,Buffalo_300
Buffalo,Buffalo_301
Buffalo,Buffalo_302
Buffalo,Buffalo_303
Buffalo,Buffalo_304
Buffalo,Buffalo_305
Buffalo,Buffalo_306
Buffalo,Buffalo_307
Buffalo,Buffalo_308
Buffalo,Buffalo_309
Buffalo,Buffalo_310
Buffalo,Buffalo_311
Buffalo,Buffalo_312
Buffalo,Buffalo_313
Buffalo,Buffalo_314
Buffalo,Buffalo_315
Buffalo,Buffalo_316
Buffalo,Buffalo_317
Buffalo,Buffalo_318
Buffalo,Buffalo_319
Buffalo,Buffalo_320
Buffalo,Buffalo_321
Buffalo,Buffalo_322
Buffalo,Buffalo_323
Buffalo,Buffalo_324
Buffalo,Buffalo_325
Buffalo,Buffalo_326
Buffalo,Buffalo_327
Buffalo,Buffalo_328
Buffalo,Buffalo_329
Buffalo,Buffalo_330
Buffalo,Buffalo_331
Buffalo,Buffalo_332
Buffalo,Buffalo_333
Buffalo,Buffalo_334
Buffalo,Buffalo_335
Buffalo,Buffalo_336
Buffalo,Buffalo_337
Buffalo,Buffalo_338
Buffalo,Buffalo_339
Buffalo,Buffalo_340
Buffalo,Buffalo_341
Buffalo,Buffalo_342
Buffalo,Buffalo_343
Buffalo,Buffalo_344
Buffalo,Buffalo_345
Buffalo,Buffalo_346
Buffalo,Buffalo_347
Buffalo,Buffalo_348
Buffalo,Buffalo_349
Buffalo,Buffalo_350
Buffalo,Buffalo_351
Buffalo,Buffalo_352
Buffalo,Buffalo_353
Buffalo,Buffalo_354
Buffalo,Buffalo_355
Buffalo,Buffalo_356
Buffalo,Buffalo_357
Buffalo,Buffalo_358
Buffalo,Buffalo_359
Buffalo,Buffalo_360
Buffalo,Buffalo_361
Buffalo,Buffalo_362
Buffalo,Buffalo_363
Buffalo,Buffalo_364
Buffalo,Buffalo_365
Buffalo,Buffalo_366
Buffalo,Buffalo_367
Buffalo,Buffalo_368
Buffalo,Buffalo_369
Buffalo,Buffalo_370
Buffalo,Buffalo_371
Buffalo,Buffalo_372
Buffalo,Buffalo_373
Buffalo,Buffalo_374
Buffalo,Buffalo_375
Buffalo,Buffalo_376
Buffalo,Buffalo_377
Buffalo,Buffalo_378
Buffalo,Buffalo_379
Buffalo,Buffalo_380
Buffalo,Buffalo_381
Buffalo,Buffalo_382
Buffalo,Buffalo_383
Buffalo,Buffalo_384
Buffalo,Buffalo_385
Buffalo,Buffalo_386
Buffalo,Buffalo_387
Buffalo,Buffalo_388
Buffalo,Buffalo_389
Buffalo,Buffalo_390
Buffalo,Buffalo_391
Buffalo,Buffalo_392
Buffalo,Buffalo_393
Buffalo,Buffalo_394
Buffalo,Buffalo_395
Buffalo,Buffalo_396
Buffalo,Buffalo_397
Buffalo,Buffalo_398
Buffalo,Buffalo_399
Buffalo,Buffalo_400
Buffalo,Buffalo_401
Buffalo,Buffalo_402
Buffalo,Buffalo_403
Buffalo,Buffalo_404
Buffalo,Buffalo_405
Buffalo,Buffalo_406
Buffalo,Buffalo_407
Buffalo,Buffalo_408
Buffalo,Buffalo_409
Buffalo,Buffalo_410
Buffalo,Buffalo_411
Buffalo,Buffalo_412
Buffalo,Buffalo_413
Buffalo,Buffalo_414
Buffalo,Buffalo_415
Buffalo,Buffalo_416
Buffalo,Buffalo_417
Buffalo,Buffalo_418
Buffalo,Buffalo_419
Buffalo,Buffalo_420
Buffalo,Buffalo_421
Buffalo,Buffalo_422
Buffalo,Buffalo_423
Buffalo,Buffalo_424
Buffalo,Buffalo_425
Buffalo,Buffalo_426
Buffalo,Buffalo_427
Buffalo,Buffalo_428
Buffalo,Buffalo_429
Buffalo,Buffalo_430
Buffalo,Buffalo_431
Buffalo,Buffalo_432
Buffalo,Buffalo_433
Buffalo,Buffalo_434
Buffalo,Buffalo_435
Buffalo,Buffalo_436
Buffalo,Buffalo_437
Buffalo,Buffalo_438
Buffalo,Buffalo_439
Buffalo,Buffalo_440
Buffalo,Buffalo_441
Buffalo,Buffalo_442
Buffalo,Buffalo_443
Buffalo,Buffalo_444
Buffalo,Buffalo_445
Buffalo,Buffalo_446
Buffalo,Buffalo_447
Buffalo,Buffalo_448
Buffalo,Buffalo_449
Buffalo,Buffalo_450
Buffalo,Buffalo_451
Buffalo,Buffalo_452
Buffalo,Buffalo_453
Buffalo,Buffalo_454
Buffalo,Buffalo_455
Buffalo,Buffalo_456
Buffalo,Buffalo_457
Buffalo,Buffalo_458
Buffalo,Buffalo_459
Buffalo,Buffalo_460
Buffalo,Buffalo_461
Buffalo,Buffalo_462
Buffalo,Buffalo_463
Buffalo,Buffalo_464
Buffalo,Buffalo_465
Buffalo,Buffalo_466
Buffalo,Buffalo_467
Buffalo,Buffalo_468
Buffalo,Buffalo_469
Buffalo,Buffalo_470
Buffalo,Buffalo_471
Buffalo,Buffalo_472
Buffalo,Buffalo_473
Buffalo,Buffalo_474
Buffalo,Buffalo_475
Buffalo,Buffalo_476
Buffalo,Buffalo_477
Buffalo,Buffalo_478
Buffalo,Buffalo_479
Buffalo,Buffalo_480
Buffalo,Buffalo_481
Buffalo,Buffalo_482
Buffalo,Buffalo_483
Buffalo,Buffalo_484
Buffalo,Buffalo_485
Buffalo,Buffalo_486
Buffalo,Buffalo_487
Buffalo,Buffalo_488
Buffalo,Buffalo_489
Buffalo,Buffalo_490
Buffalo,Buffalo_491
Buffalo,Buffalo_492
Buffalo,Buffalo_493
Buffalo,Buffalo_494
Buffalo,Buffalo_495
Buffalo,Buffalo_496
Buffalo,Buffalo_497
Buffalo,Buffalo_498
Buffalo,Buffalo_499
Buffalo,Buffalo_500
Elephant,Elephant_251
Elephant,Elephant_252
Elephant,Elephant_253
Elephant,Elephant_254
Elephant,Elephant_255
Elephant,Elephant_256
Elephant,Elephant_257
Elephant,Elephant_258
Elephant,Elephant_259
Elephant,Elephant_260
Elephant,Elephant_261
Elephant,Elephant_262
Elephant,Elephant_263
Elephant,Elephant_264
Elephant,Elephant_265
Elephant,Elephant_266
Elephant,Elephant_267
Elephant,Elephant_268
Elephant,Elephant_269
Elephant,Elephant_270
Elephant,Elephant_271
Elephant,Elephant_272
Elephant,Elephant_273
Elephant,Elephant_274
Elephant,Elephant_275
Elephant,Elephant_276
Elephant,Elephant_277
Elephant,Elephant_278
Elephant,Elephant_279
Elephant,Elephant_280
Elephant,Elephant_281
Elephant,Elephant_282
Elephant,Elephant_283
Elephant,Elephant_284
Elephant,Elephant_285
Elephant,Elephant_286
Elephant,Elephant_287
Elephant,Elephant_288
Elephant,Elephant_289
Elephant,Elephant_290
Elephant,Elephant_291
Elephant,Elephant_292
Elephant,Elephant_293
Elephant,Elephant_294
Elephant,Elephant_295
Elephant,Elephant_296
Elephant,Elephant_297
Elephant,Elephant_298
Elephant,Elephant_299
Elephant,Elephant_300
Elephant,Elephant_301
Elephant,Elephant_302
Elephant,Elephant_303
Elephant,Elephant_304
Elephant,Elephant_305
Elephant,Elephant_306
Elephant,Elephant_307
Elephant,Elephant_308
Elephant,Elephant_309
Elephant,Elephant_310
Elephant,Elephant_311
Elephant,Elephant_312
Elephant,Elephant_313
Elephant,Elephant_314
Elephant,Elephant_315
Elephant,Elephant_316
Elephant,Elephant_317
Elephant,Elephant_318
Elephant,Elephant_319
Elephant,Elephant_320
Elephant,Elephant_321
Elephant,Elephant_322
Elephant,Elephant_323
Elephant,Elephant_324
Elephant,Elephant_325
Elephant,Elephant_326
Elephant,Elephant_327
Elephant,Elephant_328
Elephant,Elephant_329
Elephant,Elephant_330
Elephant,Elephant_331
Elephant,Elephant_332
Elephant,Elephant_333
Elephant,Elephant_334
Elephant,Elephant_335
Elephant,Elephant_336
Elephant,Elephant_337
Elephant,Elephant_338
Elephant,Elephant_339
Elephant,Elephant_340
Elephant,Elephant_341
Elephant,Elephant_342
Elephant,Elephant_343
Elephant,Elephant_344
Elephant,Elephant_345
Elephant,Elephant_346
Elephant,Elephant_347
Elephant,Elephant_348
Elephant,Elephant_349
Elephant,Elephant_350
Elephant,Elephant_351
Elephant,Elephant_352
Elephant,Elephant_353
Elephant,Elephant_354
Elephant,Elephant_355
Elephant,Elephant_356
Elephant,Elephant_357
Elephant,Elephant_358
Elephant,Elephant_359
Elephant,Elephant_360
Elephant,Elephant_361
Elephant,Elephant_362
Elephant,Elephant_363
Elephant,Elephant_364
Elephant,Elephant_365
Elephant,Elephant_366
Elephant,Elephant_367
Elephant,Elephant_368
Elephant,Elephant_369
Elephant,Elephant_370
Elephant,Elephant_371
Elephant,Elephant_372
Elephant,Elephant_373
Elephant,Elephant_374
Elephant,Elephant_375
Elephant,Elephant_376
Elephant,Elephant_377
Elephant,Elephant_378
Elephant,Elephant_379
Elephant,Elephant_380
Elephant,Elephant_381
Elephant,Elephant_382
Elephant,Elephant_383
Elephant,Elephant_384
Elephant,Elephant_385
Elephant,Elephant_386
Elephant,Elephant_387
Elephant,Elephant_388
Elephant,Elephant_389
Elephant,Elephant_390
Elephant,Elephant_391
Elephant,Elephant_392
Elephant,Elephant_393
Elephant,Elephant_394
Elephant,Elephant_395
Elephant,Elephant_396
Elephant,Elephant_397
Elephant,Elephant_398
Elephant,Elephant_399
Elephant,Elephant_400
Elephant,Elephant_401
Elephant,Elephant_402
Elephant,Elephant_403
Elephant,Elephant_404
Elephant,Elephant_405
Elephant,Elephant_406
Elephant,Elephant_407
Elephant,Elephant_408
Elephant,Elephant_409
Elephant,Elephant_410
Elephant,Elephant_411
Elephant,Elephant_412
Elephant,Elephant_413
Elephant,Elephant_414
Elephant,Elephant_415
Elephant,Elephant_416
Elephant,Elephant_417
Elephant,Elephant_418
Elephant,Elephant_419
Elephant,Elephant_420
Elephant,Elephant_421
Elephant,Elephant_422
Elephant,Elephant_423
Elephant,Elephant_424
Elephant,Elephant_425
Elephant,Elephant_426
Elephant,Elephant_427
Elephant,Elephant_428
Elephant,Elephant_429
Elephant,Elephant_430
Elephant,Elephant_431
Elephant,Elephant_432
Elephant,Elephant_433
Elephant,Elephant_434
Elephant,Elephant_435
Elephant,Elephant_436
Elephant,Elephant_437
Elephant,Elephant_438
Elephant,Elephant_439
Elephant,Elephant_440
Elephant,Elephant_441
Elephant,Elephant_442
Elephant,Elephant_443
Elephant,Elephant_444
Elephant,Elephant_445
Elephant,Elephant_446
Elephant,Elephant_447
Elephant,Elephant_448
Elephant,Elephant_449
Elephant,Elephant_450
Elephant,Elephant_451
Elephant,Elephant_452
Elephant,Elephant_453
Elephant,Elephant_454
Elephant,Elephant_455
Elephant,Elephant_456
Elephant,Elephant_457
Elephant,Elephant_458
Elephant,Elephant_459
Elephant,Elephant_460
Elephant,Elephant_461
Elephant,Elephant_462
Elephant,Elephant_463
Elephant,Elephant_464
Elephant,Elephant_465
Elephant,Elephant_466
Elephant,Elephant_467
Elephant,Elephant_468
Elephant,Elephant_469
Elephant,Elephant_470
Elephant,Elephant_471
Elephant,Elephant_472
Elephant,Elephant_473
Elephant,Elephant_474
Elephant,Elephant_475
Elephant,Elephant_476
Elephant,Elephant_477
Elephant,Elephant_478
Elephant,Elephant_479
Elephant,Elephant_480
Elephant,Elephant_481
Elephant,Elephant_482
Elephant,Elephant_483
Elephant,Elephant_484
Elephant,Elephant_485
Elephant,Elephant_486
Elephant,Elephant_487
Elephant,Elephant_488
Elephant,Elephant_489
Elephant,Elephant_490
Elephant,Elephant_491
Elephant,Elephant_492
Elephant,Elephant_493
Elephant,Elephant_494
Elephant,Elephant_495
Elephant,Elephant_496
Elephant,Elephant_497
Elephant,Elephant_498
Elephant,Elephant_499
Elephant,Elephant_500
Rhino,Rhino_251
Rhino,Rhino_252
Rhino,Rhino_253
Rhino,Rhino_254
Rhino,Rhino_255
Rhino,Rhino_256
Rhino,Rhino_257
Rhino,Rhino_258
Rhino,Rhino_259
Rhino,Rhino_260
Rhino,Rhino_261
Rhino,Rhino_262
Rhino,Rhino_263
Rhino,Rhino_264
Rhino,Rhino_265
Rhino,Rhino_266
Rhino,Rhino_267
Rhino,Rhino_268
Rhino,Rhino_269
Rhino,Rhino_270
Rhino,Rhino_271
Rhino,Rhino_272
Rhino,Rhino_273
Rhino,Rhino_274
Rhino,Rhino_275
Rhino,Rhino_276
Rhino,Rhino_277
Rhino,Rhino_278
Rhino,Rhino_279
Rhino,Rhino_280
Rhino,Rhino_281
Rhino,Rhino_282
Rhino,Rhino_283
Rhino,Rhino_284
Rhino,Rhino_285
Rhino,Rhino_286
Rhino,Rhino_287
Rhino,Rhino_288
Rhino,Rhino_289
Rhino,Rhino_290
Rhino,Rhino_291
Rhino,Rhino_292
Rhino,Rhino_293
Rhino,Rhino_294
Rhino,Rhino_295
Rhino,Rhino_296
Rhino,Rhino_297
Rhino,Rhino_298
Rhino,Rhino_299
Rhino,Rhino_300
Rhino,Rhino_301
Rhino,Rhino_302
Rhino,Rhino_303
Rhino,Rhino_304
Rhino,Rhino_305
Rhino,Rhino_306
Rhino,Rhino_307
Rhino,Rhino_308
Rhino,Rhino_309
Rhino,Rhino_310
Rhino,Rhino_311
Rhino,Rhino_312
Rhino,Rhino_313
Rhino,Rhino_314
Rhino,Rhino_315
Rhino,Rhino_316
Rhino,Rhino_317
Rhino,Rhino_318
Rhino,Rhino_319
Rhino,Rhino_320
Rhino,Rhino_321
Rhino,Rhino_322
Rhino,Rhino_323
Rhino,Rhino_324
Rhino,Rhino_325
Rhino,Rhino_326
Rhino,Rhino_327
Rhino,Rhino_328
Rhino,Rhino_329
Rhino,Rhino_330
Rhino,Rhino_331
Rhino,Rhino_332
Rhino,Rhino_333
Rhino,Rhino_334
Rhino,Rhino_335
Rhino,Rhino_336
Rhino,Rhino_337
Rhino,Rhino_338
Rhino,Rhino_339
Rhino,Rhino_340
Rhino,Rhino_341
Rhino,Rhino_342
Rhino,Rhino_343
Rhino,Rhino_344
Rhino,Rhino_345
Rhino,Rhino_346
Rhino,Rhino_347
Rhino,Rhino_348
Rhino,Rhino_349
Rhino,Rhino_350
Rhino,Rhino_351
Rhino,Rhino_352
Rhino,Rhino_353
Rhino,Rhino_354
Rhino,Rhino_355
Rhino,Rhino_356
Rhino,Rhino_357
Rhino,Rhino_358
Rhino,Rhino_359
Rhino,Rhino_360
Rhino,Rhino_361
Rhino,Rhino_362
Rhino,Rhino_363
Rhino,Rhino_364
Rhino,Rhino_365
Rhino,Rhino_366
Rhino,Rhino_367
Rhino,Rhino_368
Rhino,Rhino_369
Rhino,Rhino_370
Rhino,Rhino_371
Rhino,Rhino_372
Rhino,Rhino_373
Rhino,Rhino_374
Rhino,Rhino_375
Rhino,Rhino_376
Rhino,Rhino_377
Rhino,Rhino_378
Rhino,Rhino_379
Rhino,Rhino_380
Rhino,Rhino_381
Rhino,Rhino_382
Rhino,Rhino_383
Rhino,Rhino_384
Rhino,Rhino_385
Rhino,Rhino_386
Rhino,Rhino_387
Rhino,Rhino_388
Rhino,Rhino_389
Rhino,Rhino_390
Rhino,Rhino_391
Rhino,Rhino_392
Rhino,Rhino_393
Rhino,Rhino_394
Rhino,Rhino_395
Rhino,Rhino_396
Rhino,Rhino_397
Rhino,Rhino_398
Rhino,Rhino_399
Rhino,Rhino_400
Rhino,Rhino_401
Rhino,Rhino_402
Rhino,Rhino_403
Rhino,Rhino_404
Rhino,Rhino_405
Rhino,Rhino_406
Rhino,Rhino_407
Rhino,Rhino_408
Rhino,Rhino_409
Rhino,Rhino_410
Rhino,Rhino_411
Rhino,Rhino_412
Rhino,Rhino_413
Rhino,Rhino_414
Rhino,Rhino_415
Rhino,Rhino_416
Rhino,Rhino_417
Rhino,Rhino_418
Rhino,Rhino_419
Rhino,Rhino_420
Rhino,Rhino_421
Rhino,Rhino_422
Rhino,Rhino_423
Rhino,Rhino_424
Rhino,Rhino_425
Rhino,Rhino_426
Rhino,Rhino_427
Rhino,Rhino_428
Rhino,Rhino_429
Rhino,Rhino_430
Rhino,Rhino_431
Rhino,Rhino_432
Rhino,Rhino_433
Rhino,Rhino_434
Rhino,Rhino_435
Rhino,Rhino_436
Rhino,Rhino_437
Rhino,Rhino_438
Rhino,Rhino_439
Rhino,Rhino_440
Rhino,Rhino_441
Rhino,Rhino_442
Rhino,Rhino_443
Rhino,Rhino_444
Rhino,Rhino_445
Rhino,Rhino_446
Rhino,Rhino_447
Rhino,Rhino_448
Rhino,Rhino_449
Rhino,Rhino_450
Rhino,Rhino_451
Rhino,Rhino_452
Rhino,Rhino_453
Rhino,Rhino_454
Rhino,Rhino_455
Rhino,Rhino_456
Rhino,Rhino_457
Rhino,Rhino_458
Rhino,Rhino_459
Rhino,Rhino_460
Rhino,Rhino_461
Rhino,Rhino_462
Rhino,Rhino_463
Rhino,Rhino_464
Rhino,Rhino_465
Rhino,Rhino_466
Rhino,Rhino_467
Rhino,Rhino_468
Rhino,Rhino_469
Rhino,Rhino_470
Rhino,Rhino_471
Rhino,Rhino_472
Rhino,Rhino_473
Rhino,Rhino_474
Rhino,Rhino_475
Rhino,Rhino_476
Rhino,Rhino_477
Rhino,Rhino_478
Rhino,Rhino_479
Rhino,Rhino_480
Rhino,Rhino_481
Rhino,Rhino_482
Rhino,Rhino_483
Rhino,Rhino_484
Rhino,Rhino_485
Rhino,Rhino_486
Rhino,Rhino_487
Rhino,Rhino_488
Rhino,Rhino_489
Rhino,Rhino_490
Rhino,Rhino_491
Rhino,Rhino_492
Rhino,Rhino_493
Rhino,Rhino_494
Rhino,Rhino_495
Rhino,Rhino_496
Rhino,Rhino_497
Rhino,Rhino_498
Rhino,Rhino_499
Rhino,Rhino_500
Zebra,Zebra_251
Zebra,Zebra_252
Zebra,Zebra_253
Zebra,Zebra_254
Zebra,Zebra_255
Zebra,Zebra_256
Zebra,Zebra_257
Zebra,Zebra_258
Zebra,Zebra_259
Zebra,Zebra_260
Zebra,Zebra_261
Zebra,Zebra_262
Zebra,Zebra_263
Zebra,Zebra_264
Zebra,Zebra_265
Zebra,Zebra_266
Zebra,Zebra_267
Zebra,Zebra_268
Zebra,Zebra_269
Zebra,Zebra_270
Zebra,Zebra_271
Zebra,Zebra_272
Zebra,Zebra_273
Zebra,Zebra_274
Zebra,Zebra_275
Zebra,Zebra_276
Zebra,Zebra_277
Zebra,Zebra_278
Zebra,Zebra_279
Zebra,Zebra_280
Zebra,Zebra_281
Zebra,Zebra_282
Zebra,Zebra_283
Zebra,Zebra_284
Zebra,Zebra_285
Zebra,Zebra_286
Zebra,Zebra_287
Zebra,Zebra_288
Zebra,Zebra_289
Zebra,Zebra_290
Zebra,Zebra_291
Zebra,Zebra_292
Zebra,Zebra_293
Zebra,Zebra_294
Zebra,Zebra_295
Zebra,Zebra_296
Zebra,Zebra_297
Zebra,Zebra_298
Zebra,Zebra_299
Zebra,Zebra_300
Zebra,Zebra_301
Zebra,Zebra_302
Zebra,Zebra_303
Zebra,Zebra_304
Zebra,Zebra_305
Zebra,Zebra_306
Zebra,Zebra_307
Zebra,Zebra_308
Zebra,Zebra_309
Zebra,Zebra_310
Zebra,Zebra_311
Zebra,Zebra_312
Zebra,Zebra_313
Zebra,Zebra_314
Zebra,Zebra_315
Zebra,Zebra_316
Zebra,Zebra_317
Zebra,Zebra_318
Zebra,Zebra_319
Zebra,Zebra_320
Zebra,Zebra_321
Zebra,Zebra_322
Zebra,Zebra_323
Zebra,Zebra_324
Zebra,Zebra_325
Zebra,Zebra_326
Zebra,Zebra_327
Zebra,Zebra_328
Zebra,Zebra_329
Zebra,Zebra_330
Zebra,Zebra_331
Zebra,Zebra_332
Zebra,Zebra_333
Zebra,Zebra_334
Zebra,Zebra_335
Zebra,Zebra_336
Zebra,Zebra_337
Zebra,Zebra_338
Zebra,Zebra_339
Zebra,Zebra_340
Zebra,Zebra_341
Zebra,Zebra_342
Zebra,Zebra_343
Zebra,Zebra_344
Zebra,Zebra_345
Zebra,Zebra_346
Zebra,Zebra_347
Zebra,Zebra_348
Zebra,Zebra_349
Zebra,Zebra_350
Zebra,Zebra_351
Zebra,Zebra_352
Zebra,Zebra_353
Zebra,Zebra_354
Zebra,Zebra_355
Zebra,Zebra_356
Zebra,Zebra_357
Zebra,Zebra_358
Zebra,Zebra_359
Zebra,Zebra_360
Zebra,Zebra_361
Zebra,Zebra_362
Zebra,Zebra_363
Zebra,Zebra_364
Zebra,Zebra_365
Zebra,Zebra_366
Zebra,Zebra_367
Zebra,Zebra_368
Zebra,Zebra_369
Zebra,Zebra_370
Zebra,Zebra_371
Zebra,Zebra_372
Zebra,Zebra_373
Zebra,Zebra_374
Zebra,Zebra_375
Zebra,Zebra_376
Zebra,Zebra_377
Zebra,Zebra_378
Zebra,Zebra_379
Zebra,Zebra_380
Zebra,Zebra_381
Zebra,Zebra_382
Zebra,Zebra_383
Zebra,Zebra_384
Zebra,Zebra_385
Zebra,Zebra_386
Zebra,Zebra_387
Zebra,Zebra_388
Zebra,Zebra_389
Zebra,Zebra_390
Zebra,Zebra_391
Zebra,Zebra_392
Zebra,Zebra_393
Zebra,Zebra_394
Zebra,Zebra_395
Zebra,Zebra_396
Zebra,Zebra_397
Zebra,Zebra_398
Zebra,Zebra_399
Zebra,Zebra_400
Zebra,Zebra_401
Zebra,Zebra_402
Zebra,Zebra_403
Zebra,Zebra_404
Zebra,Zebra_405
Zebra,Zebra_406
Zebra,Zebra_407
Zebra,Zebra_408
Zebra,Zebra_409
Zebra,Zebra_410
Zebra,Zebra_411
Zebra,Zebra_412
Zebra,Zebra_413
Zebra,Zebra_414
Zebra,Zebra_415
Zebra,Zebra_416
Zebra,Zebra_417
Zebra,Zebra_418
Zebra,Zebra_419
Zebra,Zebra_420
Zebra,Zebra_421
Zebra,Zebra_422
Zebra,Zebra_423
Zebra,Zebra_424
Zebra,Zebra_425
Zebra,Zebra_426
Zebra,Zebra_427
Zebra,Zebra_428
Zebra,Zebra_429
Zebra,Zebra_430
Zebra,Zebra_431
Zebra,Zebra_432
Zebra,Zebra_433
Zebra,Zebra_434
Zebra,Zebra_435
Zebra,Zebra_436
Zebra,Zebra_437
Zebra,Zebra_438
Zebra,Zebra_439
Zebra,Zebra_440
Zebra,Zebra_441
Zebra,Zebra_442
Zebra,Zebra_443
Zebra,Zebra_444
Zebra,Zebra_445
Zebra,Zebra_446
Zebra,Zebra_447
Zebra,Zebra_448
Zebra,Zebra_449
Zebra,Zebra_450
Zebra,Zebra_451
Zebra,Zebra_452
Zebra,Zebra_453
Zebra,Zebra_454
Zebra,Zebra_455
Zebra,Zebra_456
Zebra,Zebra_457
Zebra,Zebra_458
Zebra,Zebra_459
Zebra,Zebra_460
Zebra,Zebra_461
Zebra,Zebra_462
Zebra,Zebra_463
Zebra,Zebra_464
Zebra,Zebra_465
Zebra,Zebra_466
Zebra,Zebra_467
Zebra,Zebra_468
Zebra,Zebra_469
Zebra,Zebra_470
Zebra,Zebra_471
Zebra,Zebra_472
Zebra,Zebra_473
Zebra,Zebra_474
Zebra,Zebra_475
Zebra,Zebra_476
Zebra,Zebra_477
Zebra,Zebra_478
Zebra,Zebra_479
Zebra,Zebra_480
Zebra,Zebra_481
Zebra,Zebra_482
Zebra,Zebra_483
Zebra,Zebra_484
Zebra,Zebra_485
Zebra,Zebra_486
Zebra,Zebra_487
Zebra,Zebra_488
Zebra,Zebra_489
Zebra,Zebra_490
Zebra,Zebra_491
Zebra,Zebra_492
Zebra,Zebra_493
Zebra,Zebra_494
Zebra,Zebra_495
Zebra,Zebra_496
Zebra,Zebra_497
Zebra,Zebra_498
Zebra,Zebra_499
Zebra,Zebra_500
